<?xml version='1.0' encoding='UTF-8'?>
<?artifactRepository version='1.1.0'?>
<repository name='file:/Users/msuarez/workspace/projects/labs/anypoint-platform-analytics-connector/target/update-site/ - artifacts' type='org.eclipse.equinox.p2.artifact.repository.simpleRepository' version='1'>
  <properties size='2'>
    <property name='p2.timestamp' value='1450180861712'/>
    <property name='p2.compressed' value='false'/>
  </properties>
  <mappings size='3'>
    <rule filter='(&amp; (classifier=osgi.bundle))' output='${repoUrl}/plugins/${id}_${version}.jar'/>
    <rule filter='(&amp; (classifier=binary))' output='${repoUrl}/binary/${id}_${version}'/>
    <rule filter='(&amp; (classifier=org.eclipse.update.feature))' output='${repoUrl}/features/${id}_${version}.jar'/>
  </mappings>
  <artifacts size='2'>
    <artifact classifier='org.eclipse.update.feature' id='org.mule.tooling.ui.extension.analytics-connector.3.5.0' version='1.0.0.201512150900'>
      <properties size='4'>
        <property name='artifact.size' value='678'/>
        <property name='download.size' value='678'/>
        <property name='download.md5' value='a876185e1a5f47f83eafa31d21eb27c2'/>
        <property name='download.contentType' value='application/zip'/>
      </properties>
    </artifact>
    <artifact classifier='osgi.bundle' id='org.mule.tooling.ui.contribution.anypoint-platform-analytics.3.5.0' version='1.0.0.201512150900'>
      <properties size='3'>
        <property name='artifact.size' value='1587554'/>
        <property name='download.size' value='1587554'/>
        <property name='download.md5' value='251726d41ae957446d8c9e3f1c3d9980'/>
      </properties>
    </artifact>
  </artifacts>
</repository>
